Apple Pencil 2 - MU8F2, '|', 2.390.000₫ , '|', Đã bán 3.5k 
Trắng - Bút cảm ứng stylus thông minh hiệu WIWU Pencil Magic Gen 2 dùng như Apple Pencil cho iPad Pro tặng kèm túi đựng bút (cảm ứng siêu mượt mà, dung lượng pin cao, thiết kế thời trang) - Hàng nhập khẩu, '|', 639.000₫ , '|', Đã bán 319 
Bút cảm ứng Logitech Crayon dành cho iPad - Công nghệ kỹ thuật số như Apple Pencil, không độ trễ, sạc nhanh USB C - Hàng chính hãng, '|', 1.759.000₫ , '|', Đã bán 15 
Vỏ Bọc Silicon Siêu Mỏng Cho Apple Pencil 2 ESR Kiểu Bút Chì 2 Màu- Hàng Chính Hãng, '|', 190.000₫ , '|', Đã bán 96 
Hộp Đựng Bút Và Phụ Kiện Dành Cho Apple Pencil Lucas - Hàng Chính Hãng, '|', 100.000₫ , '|', Đã bán 101 
Bao da ESR Holder Dành Cho Apple Pencil/ Bút ESR Pencil- Hàng chính hãng, '|', 168.000₫ , '|', Đã bán 22 
Apple AirPods 2 - MV7N2 - Hộp Sạc Thường, '|', 2.650.000₫ , '|', Đã bán 5k+ 
(Tặng kèm túi đựng TOPK) Bút Cảm Ứng Điện Dung Smooth Baseus Cảm Ứng Màn Hình Cho Ipad Pro Air Cho Apple iPad Pencil 2-Hàng chính hãng, '|', 575.000₫ , '|', Đã bán 11 
Hộp túi phụ kiện công nghệ SmileBox form cứng đựng dây cáp sạc, tai nghe, bút cảm ứng Apple Pencil cầm tay nhỏ gọn- Hàng chính hãng, '|', 40.000₫ , '|', Đã bán 16 
Bút cảm ứng ESR Digital iPad Stylus Pencil dành cho iPad Pro/ Ipad Air/ Ipad Mini/ Ipad Gen 6,7,8,9 - Hàng chính hãng, '|', 790.000₫ , '|', Đã bán 328 
Apple AirTag - 1 Pack, '|', 730.000₫ , '|', Đã bán 1.8k 
Apple AirPods Pro 2 - MQD83, '|', 5.690.000₫ , '|', Đã bán 707 
BAO DA SMART COVER SILICON, ỐP LƯNG SILICON CHO IPAD CÓ KHE CÀI BÚT APPLE PENCIL CHO IPAD 10.2 INCH, 10.5 INCH, IPAD PRO 11 INCH, '|', 201.000₫ , '|', Đã bán 21 
Apple Magic Mouse 2021- Silver, '|', 1.490.000₫ , '|', Đã bán 730 
Ốp chống sốc cầm tay xoay 360 độ có khay cài bút Apple Pencil 2 kèm giá đỡ dựng ngang dọc cho iPad Pro 11 inch 2018/2020- Hàng chính hãng, '|', 359.000₫ , '|', Đã bán 32 
 Hộp Xoay Đựng 4 Ngòi Pencil Tips WIWU Rotative Pen Nib Organizer - Hàng Chính Hãng, '|', 300.000₫ , '|', Đã bán 1 
Bút cảm ứng stylus 2 đầu 2 in 1 hiệu WIWU Pencil One cho iPad Pro / iPhone / Android / màn hình cảm ứng các loại / Samsung Huawei Oppo Xiaomi Nokia (cảm ứng siêu mượt mà, dung lượng pin cao, thiết kế thời trang) - Hàng nhập khẩu, '|', 185.000₫ , '|', Đã bán 38 
Bút cảm ứng stylus chống tì tay cho iPad WiWu Pencil Pro (viết vẽ nghiêng hơn 60 độ, chống tì tay như Apple Pencil, hút nam châm) - Hàng chính hãng, '|', 850.000₫ , '|',  
Bút cảm ứng ZAGG Pro Stylus 2 Pencil - dòng 2 cải tiến mới - Hàng chính hãng, '|', 1.530.000₫ , '|', Đã bán 1 
Ốp chống sốc cầm tay xoay 360 độ kèm giá đỡ ngang dọc máy và dây chun cài bút Apple Pencil 1 cho iPad Gen7 2019 10.2 inch- Hàng chính hãng, '|', 389.000₫ , '|', Đã bán 59 
[HÀNG CHÍNH HÃNG GOOJODOQ] CD3217 - Bút cảm ứng Đa Năng Stylus Pencil phổ quát 2 in 1 dành  cho Android/Ipad/HUAWEI/Xiaomi pad Tương thích hầu hết các thiết bị, '|', 42.000₫ , '|', Đã bán 3 
Bút cảm ứng stylus thông minh siêu mịn mượt hiệu WIWU Pencil Pro cho iPad Pro và các dòng iPad / iPad Mini từ đời 2018 trở lên hỗ trợ viết vẽ nghiêng hơn 60 độ, chống tì tay, trang bị nam châm hít vào iPad - Hàng nhập khẩu, '|', 712.226₫ , '|', Đã bán 2 
Bút cảm ứng stylus 2 đầu 2 in 1 hiệu WIWU Pencil One cho iPad Pro / iPhone / Android / màn hình cảm ứng các loại / Samsung Huawei Oppo Xiaomi Nokia (cảm ứng siêu mượt mà, dung lượng pin cao, thiết kế thời trang) - Hàng nhập khẩu, '|', 190.000₫ , '|', Đã bán 2 
Ốp Case Bảo Vệ Dành Cho Apple Pencil 2, Kai.N Retro, Kiểu Dáng Bút Chì - Hàng Chính Hãng, '|', 189.000₫ , '|',  
Bút cảm ứng easy pencil pro 4 cho ipad - Hàng chính hãng, '|', 1.240.000₫ , '|', Đã bán 28 
Bao da dành cho iPad Air 5 2022 10.9 Inch ESR Rebound Pencil Case (Có khe cắm bút Apple Pencil) - Hàng Chính Hãng, '|', 690.000₫ , '|', Đã bán 7 
Bao Da Kèm Bàn Phím cho iPad Pro 11 & iPad Pro 12.9 inch 2020/2021/2022 Nillkin Bumper Combo Case Keyboard (Có khe cắm bút Apple Pencil) - Hàng Chính Hãng, '|', 1.200.000₫ , '|', Đã bán 8 
Bao da dành cho iPad Pro 11 inch 2020/2021 M1 Nillkin Bevel Leather Case (Có khe cắm bút Apple Pencil) - Hàng Nhập Khẩu, '|', 451.000₫ , '|', Đã bán 1 
Bao Elago Silicone Apple Pencil 2, '|', 299.000₫ , '|', Đã bán 10 
Bút Cảm Ứng WiWU Pencil One 2 trong 1 Passive Stylus Dùng Cho iPad - Hàng Chính Hãng, '|', 250.000₫ , '|', Đã bán 19 
Bao da cho iPad Air 5 2022 10.9 Inch Nillkin Bumper Leather Case Pro (Có khe cắm bút Apple Pencil) - Hàng Nhập Khẩu, '|', 398.999₫ , '|', Đã bán 2 
Bút cảm ứng ZAGG-Pro Stylus Pencil - Hàng chính hãng, '|', 1.320.000₫ , '|', Đã bán 29 
Ngăn Đựng Bút Cảm Ứng RINGKE PEN SLEEVE cho Apple Pencil, S Pen - Hàng Chính Hãng, '|', 300.000₫ , '|', Đã bán 24 
[HÀNG CHÍNH HÃNG GOOJODOQ] CD3272 - Hộp bút Cổng Type-C cho Ipad Vỏ bảo vệ Vỏ bút cảm ứng Áp dụng cho Ipad Pencil 2 và  3th 9th 10th 11th, '|', 43.000₫ , '|', Đã bán 1 
bút chuyên dành cho Ipad pencil Ugreen 221PC80135LP 140mAh hàng chính hãng, '|', 850.000₫ , '|', Đã bán 8 
Bút Cảm Ứng WiWU Pencil Max Universal Dùng Cho iPad - Hàng Chính Hãng, '|', 599.000₫ , '|', Đã bán 2 
Bao Da Case Cover Dành Cho iPad Mini 6/ iPad Pro 11 inch/ iPad Air 4/ iPad Pro 12.9 inch Có Khe Cắm Apple Pencil - Hàng Chính Hãng Tamayoko, '|', 233.000₫ , '|', Đã bán 33 
Bút cảm ứng WiWu Pencil Pro dành cho điện thoại, iPad - Hàng Chính Hãng, '|', 865.646₫ , '|', Đã bán 2 
Bút Cảm Ứng WiWU Pencil Pro Dùng Cho iPad - Hàng Chính Hãng, '|', 755.500₫ , '|', Đã bán 2 
Ốp Case Bảo Vệ Dành Cho Apple Pencil 2 / 1, Kai.N PenAnimal - Hàng Chính Hãng, '|', 149.000₫ , '|',  
Bút Cảm Ứng Wiwu Pencil W Dành Cho Ipad Sạc Không Dây Từ Tính, Có Chỉ Báo Pin Trên Thân Bút - Hàng Chính Hãng, '|', 760.390₫ , '|', Đã bán 1 
Bao da Nillkin Bumper Leather Case (Có khe cắm bút Apple Pencil) - Hàng Nhập Khẩu, '|', 345.984₫ , '|', Đã bán 34 
Bộ 5 Miếng Kẹp Bút Cảm Ứng RINGKE PEN HOLDER cho Apple Pencil, S Pen - Hàng Chính Hãng , '|', 280.000₫ , '|', Đã bán 12 
Bao da cho iPad Air 4 2020 10.9 Inch ESR Rebound Pencil Case (Có khe cắm bút Apple Pencil) - Hàng Nhập Khẩu, '|', 690.000₫ , '|', Đã bán 32 
Bút cảm ứng Wiwu Pencil L Dành cho Ipad làm bằng hợp kim nhôm, thiết kế từ tính bảo vệ bút khỏi bị lăn và rơi - Hàng chính hãng, '|', 798.000₫ , '|',  
Bao da cho iPad Pro 11 inch / iPad Pro 12.9 inch 2021/2022 Nillkin Bumper Leather Case Pro (Có khe cắm bút Apple Pencil) - Hàng Nhập Khẩu, '|', 345.251₫ , '|', Đã bán 50 
Bao da cho iPad Air 5 2022 10.9 inch Nillkin Bevel Leather Case (Có khe cắm bút Apple Pencil) - Hàng Chính Hãng, '|', 489.999₫ , '|',  
Bao Da Dành Cho iPad Pro 11 inch 2021/2022 và iPad Pro 12.9 inch 2021/2022 ESR Rebound Pencil Holder (Có khe cắm bút Apple Pencil) - Hàng Nhập Khẩu, '|', 790.000₫ , '|', Đã bán 64 
